{
  "method": "kmeans_numpy_baseline",
  "state_dataset": "data/intermediate/market_state/crypto_market_state_dataset_v1.jsonl",
  "utility_dataset": "data/intermediate/parameter_utility/ma_parameter_utility_dataset_v1.jsonl",
  "sample_every": 30,
  "clusters": 5,
  "iterations": 25,
  "seed": 7,
  "feature_columns": [
    "return_5m",
    "return_15m",
    "return_1h",
    "trend_return_60",
    "range_width_30",
    "realized_vol_30",
    "volume_burst_z_30",
    "funding_rate",
    "basis_pct"
  ],
  "sampled_state_rows": 73887,
  "cluster_summary": [
    {
      "cluster_id": 0,
      "sample_count": 10015,
      "feature_means": {
        "return_5m": 3.383332990256703e-05,
        "return_15m": 6.41493119329858e-05,
        "return_1h": 0.000154815754781379,
        "trend_return_60": 0.000154815754781379,
        "range_width_30": 0.0036667702654272147,
        "realized_vol_30": 0.00043162718353120203,
        "volume_burst_z_30": 2.545733963878634,
        "funding_rate": 5.178677583624475e-05,
        "basis_pct": -2.9147416688560464e-05
      }
    },
    {
      "cluster_id": 1,
      "sample_count": 2293,
      "feature_means": {
        "return_5m": 4.4024429765859324e-05,
        "return_15m": 5.093136203480237e-05,
        "return_1h": 0.00017967455276442465,
        "trend_return_60": 0.00017967455276442465,
        "range_width_30": 0.0056421636850550174,
        "realized_vol_30": 0.0006558835885945706,
        "volume_burst_z_30": 0.1883586611890188,
        "funding_rate": 0.00042837108591364836,
        "basis_pct": 5.574644160582483e-06
      }
    },
    {
      "cluster_id": 2,
      "sample_count": 4865,
      "feature_means": {
        "return_5m": -0.0013482849375397712,
        "return_15m": -0.003889387415312473,
        "return_1h": -0.010852134444372543,
        "trend_return_60": -0.010852134444372543,
        "range_width_30": 0.013677098843687226,
        "realized_vol_30": 0.001373798167512976,
        "volume_burst_z_30": 0.28410585485116463,
        "funding_rate": 4.73813545734838e-05,
        "basis_pct": -3.7659237048098835e-05
      }
    },
    {
      "cluster_id": 3,
      "sample_count": 51638,
      "feature_means": {
        "return_5m": 5.0839700439069065e-08,
        "return_15m": -1.3883954640432859e-05,
        "return_1h": 9.471916901136843e-07,
        "trend_return_60": 9.471916901136843e-07,
        "range_width_30": 0.003866394168620281,
        "realized_vol_30": 0.000467595555496429,
        "volume_burst_z_30": -0.16608229223043952,
        "funding_rate": 4.866291161548727e-05,
        "basis_pct": -4.196178213266465e-05
      }
    },
    {
      "cluster_id": 4,
      "sample_count": 5076,
      "feature_means": {
        "return_5m": 0.0014471058913129184,
        "return_15m": 0.003892139470656857,
        "return_1h": 0.010391697155615026,
        "trend_return_60": 0.010391697155615026,
        "range_width_30": 0.01242049229674378,
        "realized_vol_30": 0.0012468878927461768,
        "volume_burst_z_30": 0.32956174676537264,
        "funding_rate": 4.206418045705253e-05,
        "basis_pct": -2.2297962520463618e-05
      }
    }
  ],
  "cluster_parameter_region_cube": [
    {
      "cluster_id": 0,
      "parameter_region": "fast_windows__mid_threshold",
      "sample_count": 200180,
      "avg_utility_1h": 0.00021787496181763062,
      "positive_rate": 0.3668348486362274
    },
    {
      "cluster_id": 0,
      "parameter_region": "fast_windows__tight_threshold",
      "sample_count": 200180,
      "avg_utility_1h": 0.00022981099754950982,
      "positive_rate": 0.42917374363073235
    },
    {
      "cluster_id": 0,
      "parameter_region": "fast_windows__wide_threshold",
      "sample_count": 200180,
      "avg_utility_1h": 0.00025821360622087865,
      "positive_rate": 0.2648666200419622
    },
    {
      "cluster_id": 1,
      "parameter_region": "fast_windows__mid_threshold",
      "sample_count": 45860,
      "avg_utility_1h": -0.00012018240921261922,
      "positive_rate": 0.4184474487570868
    },
    {
      "cluster_id": 1,
      "parameter_region": "fast_windows__tight_threshold",
      "sample_count": 45860,
      "avg_utility_1h": -0.0001384661996850603,
      "positive_rate": 0.45104666375926733
    },
    {
      "cluster_id": 1,
      "parameter_region": "fast_windows__wide_threshold",
      "sample_count": 45860,
      "avg_utility_1h": -3.3269405228825934e-05,
      "positive_rate": 0.3484954208460532
    },
    {
      "cluster_id": 2,
      "parameter_region": "fast_windows__mid_threshold",
      "sample_count": 97300,
      "avg_utility_1h": -0.0004649793592684505,
      "positive_rate": 0.4483556012332991
    },
    {
      "cluster_id": 2,
      "parameter_region": "fast_windows__tight_threshold",
      "sample_count": 97300,
      "avg_utility_1h": -0.0005048740064652386,
      "positive_rate": 0.4587975334018499
    },
    {
      "cluster_id": 2,
      "parameter_region": "fast_windows__wide_threshold",
      "sample_count": 97300,
      "avg_utility_1h": -0.0003971109281938463,
      "positive_rate": 0.42162384378211715
    },
    {
      "cluster_id": 3,
      "parameter_region": "fast_windows__mid_threshold",
      "sample_count": 1032320,
      "avg_utility_1h": 0.00018268890808370258,
      "positive_rate": 0.37716986980781153
    },
    {
      "cluster_id": 3,
      "parameter_region": "fast_windows__tight_threshold",
      "sample_count": 1032320,
      "avg_utility_1h": 0.00017133429818585026,
      "positive_rate": 0.4347033865468072
    },
    {
      "cluster_id": 3,
      "parameter_region": "fast_windows__wide_threshold",
      "sample_count": 1032320,
      "avg_utility_1h": 0.0002085714679646842,
      "positive_rate": 0.2755085632362058
    },
    {
      "cluster_id": 4,
      "parameter_region": "fast_windows__mid_threshold",
      "sample_count": 101480,
      "avg_utility_1h": 0.000825083096526789,
      "positive_rate": 0.47083169097359084
    },
    {
      "cluster_id": 4,
      "parameter_region": "fast_windows__tight_threshold",
      "sample_count": 101480,
      "avg_utility_1h": 0.0008600869029079344,
      "positive_rate": 0.4845191170674024
    },
    {
      "cluster_id": 4,
      "parameter_region": "fast_windows__wide_threshold",
      "sample_count": 101480,
      "avg_utility_1h": 0.0007859255663882377,
      "positive_rate": 0.4422349231375641
    }
  ],
  "cluster_separation_summary": [
    {
      "cluster_id": 0,
      "best_region": "fast_windows__wide_threshold",
      "best_avg_utility_1h": 0.00025821360622087865,
      "worst_region": "fast_windows__mid_threshold",
      "worst_avg_utility_1h": 0.00021787496181763062,
      "spread_best_minus_worst": 4.0338644403248026e-05
    },
    {
      "cluster_id": 1,
      "best_region": "fast_windows__wide_threshold",
      "best_avg_utility_1h": -3.3269405228825934e-05,
      "worst_region": "fast_windows__tight_threshold",
      "worst_avg_utility_1h": -0.0001384661996850603,
      "spread_best_minus_worst": 0.00010519679445623436
    },
    {
      "cluster_id": 2,
      "best_region": "fast_windows__wide_threshold",
      "best_avg_utility_1h": -0.0003971109281938463,
      "worst_region": "fast_windows__tight_threshold",
      "worst_avg_utility_1h": -0.0005048740064652386,
      "spread_best_minus_worst": 0.00010776307827139227
    },
    {
      "cluster_id": 3,
      "best_region": "fast_windows__wide_threshold",
      "best_avg_utility_1h": 0.0002085714679646842,
      "worst_region": "fast_windows__tight_threshold",
      "worst_avg_utility_1h": 0.00017133429818585026,
      "spread_best_minus_worst": 3.7237169778833946e-05
    },
    {
      "cluster_id": 4,
      "best_region": "fast_windows__tight_threshold",
      "best_avg_utility_1h": 0.0008600869029079344,
      "worst_region": "fast_windows__wide_threshold",
      "worst_avg_utility_1h": 0.0007859255663882377,
      "spread_best_minus_worst": 7.416133651969676e-05
    }
  ]
}