{
  "event_count": 12,
  "expectation_baseline_count": 0,
  "group_stats": [
    {
      "avg_event_abs_fwd_10d": 0.012403805565477266,
      "avg_event_abs_fwd_14d": 0.010228268987238831,
      "avg_event_abs_fwd_1d": 0.01912523947137723,
      "avg_event_abs_fwd_5d": 0.018216060005844747,
      "avg_event_directional_fwd_10d": -0.012403805565477266,
      "avg_event_directional_fwd_14d": 0.010228268987238831,
      "avg_event_directional_fwd_1d": -0.01912523947137723,
      "avg_event_directional_fwd_5d": -0.018216060005844747,
      "avg_event_mae_10d": -0.056580835795694395,
      "avg_event_mae_14d": -0.056580835795694395,
      "avg_event_mae_1d": -0.044679676591875994,
      "avg_event_mae_5d": -0.04471214728707351,
      "avg_event_mfe_10d": 0.013475013800045232,
      "avg_event_mfe_14d": 0.015910640646816132,
      "avg_event_mfe_1d": -0.0031496574341657313,
      "avg_event_mfe_5d": 0.013475013800045232,
      "avg_event_path_range_10d": 0.07005584959573963,
      "avg_event_path_range_14d": 0.07249147644251053,
      "avg_event_path_range_1d": 0.04153001915771026,
      "avg_event_path_range_5d": 0.058187161087118744,
      "event_risk_context_readiness": "official_result_artifact_only",
      "n_events": 1,
      "n_symbols": 1,
      "positive_rate_event_abs_fwd_10d": 1.0,
      "positive_rate_event_abs_fwd_14d": 1.0,
      "positive_rate_event_abs_fwd_1d": 1.0,
      "positive_rate_event_abs_fwd_5d": 1.0,
      "positive_rate_event_directional_fwd_10d": 0.0,
      "positive_rate_event_directional_fwd_14d": 1.0,
      "positive_rate_event_directional_fwd_1d": 0.0,
      "positive_rate_event_directional_fwd_5d": 0.0,
      "positive_rate_event_mae_10d": 0.0,
      "positive_rate_event_mae_14d": 0.0,
      "positive_rate_event_mae_1d": 0.0,
      "positive_rate_event_mae_5d": 0.0,
      "positive_rate_event_mfe_10d": 1.0,
      "positive_rate_event_mfe_14d": 1.0,
      "positive_rate_event_mfe_1d": 0.0,
      "positive_rate_event_mfe_5d": 1.0,
      "positive_rate_event_path_range_10d": 1.0,
      "positive_rate_event_path_range_14d": 1.0,
      "positive_rate_event_path_range_1d": 1.0,
      "positive_rate_event_path_range_5d": 1.0
    },
    {
      "avg_event_abs_fwd_10d": 0.07523540760721092,
      "avg_event_abs_fwd_14d": 0.09661930194020568,
      "avg_event_abs_fwd_1d": 0.020589418515948008,
      "avg_event_abs_fwd_5d": 0.04816661087057222,
      "avg_event_directional_fwd_10d": -0.014327404552058387,
      "avg_event_directional_fwd_14d": -0.03651046463890202,
      "avg_event_directional_fwd_1d": -0.0014591425840635845,
      "avg_event_directional_fwd_5d": -0.0154024187626102,
      "avg_event_mae_10d": -0.08062093065605618,
      "avg_event_mae_14d": -0.09902724396658909,
      "avg_event_mae_1d": -0.017061106004449707,
      "avg_event_mae_5d": -0.061995310807481815,
      "avg_event_mfe_10d": 0.0693638826991715,
      "avg_event_mfe_14d": 0.07140934562560992,
      "avg_event_mfe_1d": 0.019331383536479743,
      "avg_event_mfe_5d": 0.04995054624242911,
      "avg_event_path_range_10d": 0.14998481335522768,
      "avg_event_path_range_14d": 0.170436589592199,
      "avg_event_path_range_1d": 0.03639248954092945,
      "avg_event_path_range_5d": 0.11194585704991092,
      "event_risk_context_readiness": "partial_result_context_only",
      "n_events": 11,
      "n_symbols": 11,
      "positive_rate_event_abs_fwd_10d": 1.0,
      "positive_rate_event_abs_fwd_14d": 1.0,
      "positive_rate_event_abs_fwd_1d": 1.0,
      "positive_rate_event_abs_fwd_5d": 1.0,
      "positive_rate_event_directional_fwd_10d": 0.5454545454545454,
      "positive_rate_event_directional_fwd_14d": 0.45454545454545453,
      "positive_rate_event_directional_fwd_1d": 0.45454545454545453,
      "positive_rate_event_directional_fwd_5d": 0.2727272727272727,
      "positive_rate_event_mae_10d": 0.0,
      "positive_rate_event_mae_14d": 0.0,
      "positive_rate_event_mae_1d": 0.18181818181818182,
      "positive_rate_event_mae_5d": 0.0,
      "positive_rate_event_mfe_10d": 1.0,
      "positive_rate_event_mfe_14d": 1.0,
      "positive_rate_event_mfe_1d": 0.8181818181818182,
      "positive_rate_event_mfe_5d": 0.9090909090909091,
      "positive_rate_event_path_range_10d": 1.0,
      "positive_rate_event_path_range_14d": 1.0,
      "positive_rate_event_path_range_1d": 1.0,
      "positive_rate_event_path_range_5d": 1.0
    }
  ],
  "interpretation": [
    "Official SEC result artifacts provide partial point-in-time result context, not guidance surprise.",
    "No official company guidance release/transcript interpretation is present in the local artifact set.",
    "No consensus or accepted expectation baseline is present, so beat/miss and signed-direction claims remain invalid.",
    "The earnings/guidance family remains direction-neutral event-risk scouting, not promotion evidence."
  ],
  "official_guidance_interpretation_count": 0,
  "official_result_artifact_count": 12,
  "official_result_artifact_only_count": 1,
  "partial_result_context_count": 11,
  "provider_calls_performed_by_study": 0,
  "schema": "earnings_guidance_readiness_scout_v1",
  "signed_direction_ready_count": 0,
  "status": "blocked_missing_guidance_and_expectation_baselines"
}
