{
  "overall": {
    "overall_realized_metric": -0.00024408273410641808,
    "overall_oracle_metric": 0.0054868199963427665,
    "overall_gap_abs": 0.005730902730449185,
    "overall_realized_metric_1bar": -1.7215844932966035e-05,
    "overall_oracle_metric_1bar": 0.0004424318355768114,
    "overall_gap_abs_1bar": 0.0004596476805097774,
    "trivial_baseline": {
      "overall_realized_metric": 0.0002099517661778446,
      "overall_realized_metric_1bar": -1.2055883935967337e-05
    }
  },
  "attach_audit": {
    "strategy_attach_status": {
      "exact": 2160
    },
    "oracle_attach_status": {
      "exact": 2160
    },
    "strategy_attach_delta_ms": {
      "min": 0.0,
      "max": 0.0
    },
    "oracle_attach_delta_ms": {
      "min": 0.0,
      "max": 0.0
    }
  },
  "by_month": [
    {
      "month": "2026-04",
      "realized_metric_state_routed": -0.00024408273410641808,
      "oracle_metric": 0.0054868199963427665,
      "realized_metric_state_routed_1bar": -1.7215844932966035e-05,
      "oracle_metric_1bar": 0.0004424318355768114,
      "realized_metric_trivial_baseline": 0.0002099517661778446,
      "realized_metric_trivial_baseline_1bar": -1.2055883935967337e-05,
      "gap_abs_state_routed": 0.005730902730449185,
      "gap_abs_state_routed_1bar": 0.0004596476805097774,
      "gap_abs_trivial_baseline": 0.0052768682301649215,
      "gap_abs_trivial_baseline_1bar": 0.00045448771951277873
    }
  ],
  "by_state": [
    {
      "state_id": 0,
      "state_support_n": 1272,
      "oracle_metric_mean": 0.005261929222744264,
      "realized_metric_mean": -0.00019423864317082973,
      "trivial_baseline_metric_mean": 0.00026999977227775936,
      "oracle_metric_mean_1bar": 0.00039597176704519484,
      "realized_metric_mean_1bar": 1.2300676968365567e-05,
      "trivial_baseline_metric_mean_1bar": 1.2298850655578158e-05,
      "gap_abs": 0.005456167865915094,
      "gap_abs_1bar": 0.0003836710900768293,
      "gap_abs_trivial_baseline": 0.004991929450466505,
      "gap_abs_trivial_baseline_1bar": 0.0003836729163896167,
      "preferred_target": "no_strong_preference"
    },
    {
      "state_id": 1,
      "state_support_n": 36,
      "oracle_metric_mean": 0.00712617818661158,
      "realized_metric_mean": 0.000771819400315439,
      "trivial_baseline_metric_mean": 0.0013604318556680688,
      "oracle_metric_mean_1bar": 0.0005674054145301533,
      "realized_metric_mean_1bar": 0.000183426229409663,
      "trivial_baseline_metric_mean_1bar": 0.000183426229409663,
      "gap_abs": 0.006354358786296141,
      "gap_abs_1bar": 0.00038397918512049023,
      "gap_abs_trivial_baseline": 0.005765746330943511,
      "gap_abs_trivial_baseline_1bar": 0.00038397918512049023,
      "preferred_target": "no_strong_preference"
    },
    {
      "state_id": 2,
      "state_support_n": 672,
      "oracle_metric_mean": 0.005761666617338487,
      "realized_metric_mean": -0.0004594830798960959,
      "trivial_baseline_metric_mean": -3.5035071911680074e-05,
      "oracle_metric_mean_1bar": 0.0004455854155419464,
      "realized_metric_mean_1bar": -6.138525610006834e-05,
      "trivial_baseline_metric_mean_1bar": -5.229233817548108e-05,
      "gap_abs": 0.006221149697234583,
      "gap_abs_1bar": 0.0005069706716420147,
      "gap_abs_trivial_baseline": 0.005796701689250167,
      "gap_abs_trivial_baseline_1bar": 0.0004978777537174275,
      "preferred_target": "no_strong_preference"
    },
    {
      "state_id": 3,
      "state_support_n": 180,
      "oracle_metric_mean": 0.005941959736797638,
      "realized_metric_mean": -0.00016765372261922588,
      "trivial_baseline_metric_mean": 0.0002741445635696745,
      "oracle_metric_mean_1bar": 0.0007339815722063954,
      "realized_metric_mean_1bar": -0.00010102854621371985,
      "trivial_baseline_metric_mean_1bar": -7.304300189116356e-05,
      "gap_abs": 0.006109613459416864,
      "gap_abs_1bar": 0.0008350101184201153,
      "gap_abs_trivial_baseline": 0.005667815173227963,
      "gap_abs_trivial_baseline_1bar": 0.0008070245740975589,
      "preferred_target": "no_strong_preference"
    }
  ]
}