{
  "calendar_artifact_count": 32,
  "control_window_count": 36,
  "equity_bar_artifact_count": 12,
  "event_window_count": 12,
  "group_stats": [
    {
      "avg_control_count": 3.0,
      "avg_delta_abs_fwd_10d": 0.009617240130508478,
      "avg_delta_abs_fwd_14d": 0.014319756338379933,
      "avg_delta_abs_fwd_1d": -0.0013179163929324886,
      "avg_delta_abs_fwd_5d": 0.0169867191198308,
      "avg_delta_directional_fwd_10d": 0.004713458550892374,
      "avg_delta_directional_fwd_14d": -0.021384595160427153,
      "avg_delta_directional_fwd_1d": -0.0011167259562604819,
      "avg_delta_directional_fwd_5d": -0.016930887875746207,
      "avg_delta_mae_10d": -0.011014367454645192,
      "avg_delta_mae_14d": -0.01558618942901295,
      "avg_delta_mae_1d": 0.0002929025741659327,
      "avg_delta_mae_5d": -0.020595499332748273,
      "avg_delta_mfe_10d": 0.01071773234898001,
      "avg_delta_mfe_14d": -0.003282569376133798,
      "avg_delta_mfe_1d": 0.005349523226919509,
      "avg_delta_mfe_5d": 0.007003394009173717,
      "avg_delta_path_range_10d": 0.021732099803625202,
      "avg_delta_path_range_14d": 0.01230362005287916,
      "avg_delta_path_range_1d": 0.0050566206527535755,
      "avg_delta_path_range_5d": 0.027598893341921987,
      "control_avg_abs_fwd_10d": 0.06038220063989131,
      "control_avg_abs_fwd_14d": 0.07510029285574517,
      "control_avg_abs_fwd_1d": 0.0217853199884996,
      "control_avg_abs_fwd_5d": 0.02868401251201413,
      "control_avg_directional_fwd_10d": -0.018880563187402333,
      "control_avg_directional_fwd_14d": -0.011230975009629796,
      "control_avg_directional_fwd_1d": -0.0018145913684125736,
      "control_avg_directional_fwd_5d": 0.0012939990095331261,
      "control_avg_mae_10d": -0.06760322196304751,
      "control_avg_mae_14d": -0.07990385385666825,
      "control_avg_mae_1d": -0.01965555612756783,
      "control_avg_mae_5d": -0.03995954784803285,
      "control_avg_mfe_10d": 0.05398874460859763,
      "control_avg_mfe_14d": 0.07006702292017757,
      "control_avg_mfe_1d": 0.012108440228673113,
      "control_avg_mfe_5d": 0.0399075245297234,
      "control_avg_path_range_10d": 0.12159196657164513,
      "control_avg_path_range_14d": 0.1499708767768458,
      "control_avg_path_range_1d": 0.03176399635624094,
      "control_avg_path_range_5d": 0.07986707237775625,
      "event_avg_abs_fwd_10d": 0.06999944077039978,
      "event_avg_abs_fwd_14d": 0.0894200491941251,
      "event_avg_abs_fwd_1d": 0.020467403595567108,
      "event_avg_abs_fwd_5d": 0.04567073163184493,
      "event_avg_directional_fwd_10d": -0.01416710463650996,
      "event_avg_directional_fwd_14d": -0.03261557017005695,
      "event_avg_directional_fwd_1d": -0.002931317324673055,
      "event_avg_directional_fwd_5d": -0.01563688886621308,
      "event_avg_mae_10d": -0.07861758941769269,
      "event_avg_mae_14d": -0.09549004328568118,
      "event_avg_mae_1d": -0.019362653553401898,
      "event_avg_mae_5d": -0.06055504718078112,
      "event_avg_mfe_10d": 0.06470647695757764,
      "event_avg_mfe_14d": 0.06678445354404378,
      "event_avg_mfe_1d": 0.017457963455592623,
      "event_avg_mfe_5d": 0.04691091853889712,
      "event_avg_path_range_10d": 0.14332406637527031,
      "event_avg_path_range_14d": 0.16227449682972497,
      "event_avg_path_range_1d": 0.03682061700899452,
      "event_avg_path_range_5d": 0.10746596571967824,
      "n_events": 12,
      "n_symbols": 12,
      "positive_delta_rate_abs_fwd_10d": 0.4166666666666667,
      "positive_delta_rate_abs_fwd_14d": 0.5,
      "positive_delta_rate_abs_fwd_1d": 0.4166666666666667,
      "positive_delta_rate_abs_fwd_5d": 0.5833333333333334,
      "positive_delta_rate_directional_fwd_10d": 0.5,
      "positive_delta_rate_directional_fwd_14d": 0.5,
      "positive_delta_rate_directional_fwd_1d": 0.5,
      "positive_delta_rate_directional_fwd_5d": 0.16666666666666666,
      "positive_delta_rate_mae_10d": 0.4166666666666667,
      "positive_delta_rate_mae_14d": 0.5,
      "positive_delta_rate_mae_1d": 0.5,
      "positive_delta_rate_mae_5d": 0.16666666666666666,
      "positive_delta_rate_mfe_10d": 0.5833333333333334,
      "positive_delta_rate_mfe_14d": 0.5833333333333334,
      "positive_delta_rate_mfe_1d": 0.5833333333333334,
      "positive_delta_rate_mfe_5d": 0.4166666666666667,
      "positive_delta_rate_path_range_10d": 0.6666666666666666,
      "positive_delta_rate_path_range_14d": 0.6666666666666666,
      "positive_delta_rate_path_range_1d": 0.6666666666666666,
      "positive_delta_rate_path_range_5d": 0.75,
      "sample": "earnings_guidance_scheduled_shell_event_alone"
    }
  ],
  "interpretation": [
    "This is an event-alone scheduled-shell test; it does not include official result/guidance interpretation.",
    "Controls are same-symbol dates outside Nasdaq earnings-calendar shell exclusion windows; option-abnormality absence is not verified in this study.",
    "Use this only as the first earnings/guidance family scout before adding result/guidance interpretation and option-control verification."
  ],
  "paired_event_count": 12,
  "provider_calls_performed_by_study": 0,
  "schema": "earnings_guidance_event_alone_scouting_study_v1",
  "status": "diagnostic_scouting_not_promotion_evidence",
  "target_symbols": [
    "AAPL",
    "MSFT",
    "NVDA",
    "AMD",
    "JPM",
    "XOM",
    "CVX",
    "LLY",
    "PFE",
    "COIN",
    "TSLA",
    "RKLB"
  ]
}
