{
  "overall": {
    "overall_realized_metric": 5.8871325705629235e-05,
    "overall_oracle_metric": 0.0032597555947060275,
    "overall_gap_abs": 0.003200884269000398,
    "overall_realized_metric_1bar": 4.9038464244209155e-06,
    "overall_oracle_metric_1bar": 0.00027103514824194664,
    "overall_gap_abs_1bar": 0.00026613130181752574,
    "trivial_baseline": {
      "overall_realized_metric": 0.00012744404105031603,
      "overall_realized_metric_1bar": 1.1659107555061076e-05
    }
  },
  "attach_audit": {
    "strategy_attach_status": {
      "exact": 119760
    },
    "oracle_attach_status": {
      "exact": 119760
    },
    "strategy_attach_delta_ms": {
      "min": 0.0,
      "max": 0.0
    },
    "oracle_attach_delta_ms": {
      "min": 0.0,
      "max": 0.0
    }
  },
  "by_month": [
    {
      "month": "2026-03",
      "realized_metric_state_routed": 5.887132570562923e-05,
      "oracle_metric": 0.003259755594706028,
      "realized_metric_state_routed_1bar": 4.9038464244209155e-06,
      "oracle_metric_1bar": 0.0002710351482419467,
      "realized_metric_trivial_baseline": 0.00012744404105031603,
      "realized_metric_trivial_baseline_1bar": 1.1659107555061076e-05,
      "gap_abs_state_routed": 0.0032008842690003985,
      "gap_abs_state_routed_1bar": 0.0002661313018175258,
      "gap_abs_trivial_baseline": 0.003132311553655712,
      "gap_abs_trivial_baseline_1bar": 0.00025937604068688563
    }
  ],
  "by_state": [
    {
      "state_id": 0,
      "state_support_n": 61848,
      "oracle_metric_mean": 0.003449638630501158,
      "realized_metric_mean": 8.098982238979342e-05,
      "trivial_baseline_metric_mean": 0.00014111197094109152,
      "oracle_metric_mean_1bar": 0.00025507290589429926,
      "realized_metric_mean_1bar": 7.001391647769557e-06,
      "trivial_baseline_metric_mean_1bar": 1.5664477032682467e-05,
      "gap_abs": 0.0033686488081113644,
      "gap_abs_1bar": 0.0002480715142465297,
      "gap_abs_trivial_baseline": 0.0033085266595600663,
      "gap_abs_trivial_baseline_1bar": 0.0002394084288616168,
      "preferred_target": "no_strong_preference"
    },
    {
      "state_id": 1,
      "state_support_n": 31428,
      "oracle_metric_mean": 0.00209269043495456,
      "realized_metric_mean": -7.019337855942499e-05,
      "trivial_baseline_metric_mean": 1.0481521465712738e-05,
      "oracle_metric_mean_1bar": 0.0001242146355496131,
      "realized_metric_mean_1bar": 2.7016426609705854e-07,
      "trivial_baseline_metric_mean_1bar": 4.478774222602778e-07,
      "gap_abs": 0.0021628838135139853,
      "gap_abs_1bar": 0.00012394447128351603,
      "gap_abs_trivial_baseline": 0.0020822089134888474,
      "gap_abs_trivial_baseline_1bar": 0.00012376675812735281,
      "preferred_target": "no_strong_preference"
    },
    {
      "state_id": 2,
      "state_support_n": 18756,
      "oracle_metric_mean": 0.004271834023190199,
      "realized_metric_mean": 0.00010878035192467144,
      "trivial_baseline_metric_mean": 0.00018421575519309973,
      "oracle_metric_mean_1bar": 0.00045836338464691576,
      "realized_metric_mean_1bar": 4.5438160406358145e-06,
      "trivial_baseline_metric_mean_1bar": 1.6289611687868196e-05,
      "gap_abs": 0.004163053671265527,
      "gap_abs_1bar": 0.00045381956860627995,
      "gap_abs_trivial_baseline": 0.0040876182679971,
      "gap_abs_trivial_baseline_1bar": 0.00044207377295904754,
      "preferred_target": "no_strong_preference"
    },
    {
      "state_id": 3,
      "state_support_n": 7728,
      "oracle_metric_mean": 0.004031385332926876,
      "realized_metric_mean": 0.00028577840542440644,
      "trivial_baseline_metric_mean": 0.0003559836740302259,
      "oracle_metric_mean_1bar": 0.0005412188226208747,
      "realized_metric_mean_1bar": 7.834891426544207e-06,
      "trivial_baseline_metric_mean_1bar": 1.3958889341655951e-05,
      "gap_abs": 0.00374560692750247,
      "gap_abs_1bar": 0.0005333839311943305,
      "gap_abs_trivial_baseline": 0.0036754016588966504,
      "gap_abs_trivial_baseline_1bar": 0.0005272599332792187,
      "preferred_target": "no_strong_preference"
    }
  ]
}