{
  "event_count": 12,
  "group_stats": [
    {
      "avg_event_abs_fwd_10d": 0.012403805565477266,
      "avg_event_abs_fwd_14d": 0.010228268987238831,
      "avg_event_abs_fwd_1d": 0.01912523947137723,
      "avg_event_abs_fwd_5d": 0.018216060005844747,
      "avg_event_directional_fwd_10d": -0.012403805565477266,
      "avg_event_directional_fwd_14d": 0.010228268987238831,
      "avg_event_directional_fwd_1d": -0.01912523947137723,
      "avg_event_directional_fwd_5d": -0.018216060005844747,
      "avg_event_mae_10d": -0.056580835795694395,
      "avg_event_mae_14d": -0.056580835795694395,
      "avg_event_mae_1d": -0.044679676591875994,
      "avg_event_mae_5d": -0.04471214728707351,
      "avg_event_mfe_10d": 0.013475013800045232,
      "avg_event_mfe_14d": 0.015910640646816132,
      "avg_event_mfe_1d": -0.0031496574341657313,
      "avg_event_mfe_5d": 0.013475013800045232,
      "avg_event_path_range_10d": 0.07005584959573963,
      "avg_event_path_range_14d": 0.07249147644251053,
      "avg_event_path_range_1d": 0.04153001915771026,
      "avg_event_path_range_5d": 0.058187161087118744,
      "group": "official_result_artifact_only",
      "n_events": 1,
      "n_symbols": 1,
      "positive_rate_event_abs_fwd_10d": 1.0,
      "positive_rate_event_abs_fwd_14d": 1.0,
      "positive_rate_event_abs_fwd_1d": 1.0,
      "positive_rate_event_abs_fwd_5d": 1.0,
      "positive_rate_event_directional_fwd_10d": 0.0,
      "positive_rate_event_directional_fwd_14d": 1.0,
      "positive_rate_event_directional_fwd_1d": 0.0,
      "positive_rate_event_directional_fwd_5d": 0.0,
      "positive_rate_event_mae_10d": 0.0,
      "positive_rate_event_mae_14d": 0.0,
      "positive_rate_event_mae_1d": 0.0,
      "positive_rate_event_mae_5d": 0.0,
      "positive_rate_event_mfe_10d": 1.0,
      "positive_rate_event_mfe_14d": 1.0,
      "positive_rate_event_mfe_1d": 0.0,
      "positive_rate_event_mfe_5d": 1.0,
      "positive_rate_event_path_range_10d": 1.0,
      "positive_rate_event_path_range_14d": 1.0,
      "positive_rate_event_path_range_1d": 1.0,
      "positive_rate_event_path_range_5d": 1.0
    },
    {
      "avg_event_abs_fwd_10d": 0.07523540760721092,
      "avg_event_abs_fwd_14d": 0.09661930194020568,
      "avg_event_abs_fwd_1d": 0.020589418515948008,
      "avg_event_abs_fwd_5d": 0.04816661087057222,
      "avg_event_directional_fwd_10d": -0.014327404552058387,
      "avg_event_directional_fwd_14d": -0.03651046463890202,
      "avg_event_directional_fwd_1d": -0.0014591425840635845,
      "avg_event_directional_fwd_5d": -0.0154024187626102,
      "avg_event_mae_10d": -0.08062093065605618,
      "avg_event_mae_14d": -0.09902724396658909,
      "avg_event_mae_1d": -0.017061106004449707,
      "avg_event_mae_5d": -0.061995310807481815,
      "avg_event_mfe_10d": 0.0693638826991715,
      "avg_event_mfe_14d": 0.07140934562560992,
      "avg_event_mfe_1d": 0.019331383536479743,
      "avg_event_mfe_5d": 0.04995054624242911,
      "avg_event_path_range_10d": 0.14998481335522768,
      "avg_event_path_range_14d": 0.170436589592199,
      "avg_event_path_range_1d": 0.03639248954092945,
      "avg_event_path_range_5d": 0.11194585704991092,
      "group": "partial_official_result_interpretation",
      "n_events": 11,
      "n_symbols": 11,
      "positive_rate_event_abs_fwd_10d": 1.0,
      "positive_rate_event_abs_fwd_14d": 1.0,
      "positive_rate_event_abs_fwd_1d": 1.0,
      "positive_rate_event_abs_fwd_5d": 1.0,
      "positive_rate_event_directional_fwd_10d": 0.5454545454545454,
      "positive_rate_event_directional_fwd_14d": 0.45454545454545453,
      "positive_rate_event_directional_fwd_1d": 0.45454545454545453,
      "positive_rate_event_directional_fwd_5d": 0.2727272727272727,
      "positive_rate_event_mae_10d": 0.0,
      "positive_rate_event_mae_14d": 0.0,
      "positive_rate_event_mae_1d": 0.18181818181818182,
      "positive_rate_event_mae_5d": 0.0,
      "positive_rate_event_mfe_10d": 1.0,
      "positive_rate_event_mfe_14d": 1.0,
      "positive_rate_event_mfe_1d": 0.8181818181818182,
      "positive_rate_event_mfe_5d": 0.9090909090909091,
      "positive_rate_event_path_range_10d": 1.0,
      "positive_rate_event_path_range_14d": 1.0,
      "positive_rate_event_path_range_1d": 1.0,
      "positive_rate_event_path_range_5d": 1.0
    },
    {
      "avg_event_abs_fwd_10d": 0.11600050851472937,
      "avg_event_abs_fwd_14d": 0.09709709344017248,
      "avg_event_abs_fwd_1d": 0.012080048085804762,
      "avg_event_abs_fwd_5d": 0.06817077206334066,
      "avg_event_directional_fwd_10d": -0.11600050851472937,
      "avg_event_directional_fwd_14d": -0.08686882445293365,
      "avg_event_directional_fwd_1d": -0.007045191385572469,
      "avg_event_directional_fwd_5d": -0.06817077206334066,
      "avg_event_mae_10d": -0.16452202130605786,
      "avg_event_mae_14d": -0.16452202130605786,
      "avg_event_mae_1d": -0.030860365019408198,
      "avg_event_mae_5d": -0.10310742918187915,
      "avg_event_mfe_10d": 0.05824796391009235,
      "avg_event_mfe_14d": 0.0594657773334778,
      "avg_event_mfe_1d": 0.02611688313419519,
      "avg_event_mfe_5d": 0.05824796391009235,
      "avg_event_path_range_10d": 0.2227699852161502,
      "avg_event_path_range_14d": 0.22398779863953566,
      "avg_event_path_range_1d": 0.05697724815360339,
      "avg_event_path_range_5d": 0.1613553930919715,
      "group": "missing_or_flat_result_score",
      "n_events": 2,
      "n_symbols": 2,
      "positive_rate_event_abs_fwd_10d": 1.0,
      "positive_rate_event_abs_fwd_14d": 1.0,
      "positive_rate_event_abs_fwd_1d": 1.0,
      "positive_rate_event_abs_fwd_5d": 1.0,
      "positive_rate_event_directional_fwd_10d": 0.0,
      "positive_rate_event_directional_fwd_14d": 0.5,
      "positive_rate_event_directional_fwd_1d": 0.5,
      "positive_rate_event_directional_fwd_5d": 0.0,
      "positive_rate_event_mae_10d": 0.0,
      "positive_rate_event_mae_14d": 0.0,
      "positive_rate_event_mae_1d": 0.0,
      "positive_rate_event_mae_5d": 0.0,
      "positive_rate_event_mfe_10d": 1.0,
      "positive_rate_event_mfe_14d": 1.0,
      "positive_rate_event_mfe_1d": 0.5,
      "positive_rate_event_mfe_5d": 1.0,
      "positive_rate_event_path_range_10d": 1.0,
      "positive_rate_event_path_range_14d": 1.0,
      "positive_rate_event_path_range_1d": 1.0,
      "positive_rate_event_path_range_5d": 1.0
    },
    {
      "avg_event_abs_fwd_10d": 0.017639183831114662,
      "avg_event_abs_fwd_14d": 0.013663415922507674,
      "avg_event_abs_fwd_1d": 0.012812285603010584,
      "avg_event_abs_fwd_5d": 0.015330151871515874,
      "avg_event_directional_fwd_10d": 0.017639183831114662,
      "avg_event_directional_fwd_14d": 0.0057599940013681,
      "avg_event_directional_fwd_1d": 0.005426380368849644,
      "avg_event_directional_fwd_5d": 0.011707052526736797,
      "avg_event_mae_10d": -0.031077249477782825,
      "avg_event_mae_14d": -0.035050673135938126,
      "avg_event_mae_1d": -0.012799139152276337,
      "avg_event_mae_5d": -0.030925260594683996,
      "avg_event_mfe_10d": 0.0537770329687531,
      "avg_event_mfe_14d": 0.0537770329687531,
      "avg_event_mfe_1d": 0.016057738742600785,
      "avg_event_mfe_5d": 0.032220564469366865,
      "avg_event_path_range_10d": 0.08485428244653592,
      "avg_event_path_range_14d": 0.08882770610469122,
      "avg_event_path_range_1d": 0.02885687789487712,
      "avg_event_path_range_5d": 0.06314582506405086,
      "group": "negative_result_score",
      "n_events": 3,
      "n_symbols": 3,
      "positive_rate_event_abs_fwd_10d": 1.0,
      "positive_rate_event_abs_fwd_14d": 1.0,
      "positive_rate_event_abs_fwd_1d": 1.0,
      "positive_rate_event_abs_fwd_5d": 1.0,
      "positive_rate_event_directional_fwd_10d": 1.0,
      "positive_rate_event_directional_fwd_14d": 0.6666666666666666,
      "positive_rate_event_directional_fwd_1d": 0.3333333333333333,
      "positive_rate_event_directional_fwd_5d": 0.3333333333333333,