method,k,inertia_or_bic,silhouette,calinski_harabasz,davies_bouldin,min_cluster_pct,max_cluster_pct,score
gmm,8,194888.69480537475,-0.013058800498170138,2449.4483643598464,1.9935896169385268,0.01002004008016032,0.21663326653306614,5.37146067502497
gmm,6,203001.70990860838,0.015852144473819482,1532.155457343188,2.0488183483501596,0.059819639278557116,0.37304609218436874,5.333821366070621
gmm,12,188047.69016043394,-0.020793486820640507,2316.7700595265414,2.029427769152258,0.002004008016032064,0.18496993987975952,5.176592671737035
gmm,10,191809.5912579187,-0.017195381898448724,2044.0877660896554,2.0456603110762708,0.001903807615230461,0.20300601202404808,5.04498760433992
gmm,4,215248.00688506226,0.033266003693197724,1131.4358779027132,2.2724884926344275,0.09759519038076152,0.42354709418837677,4.85943575424593
