{
  "overall": {
    "overall_realized_metric": -7.319864818880729e-05,
    "overall_oracle_metric": 0.0017730735429660723,
    "overall_gap_abs": 0.0018462721911548796,
    "overall_realized_metric_1bar": -1.0325949576519724e-05,
    "overall_oracle_metric_1bar": 0.00023659095295445985,
    "overall_gap_abs_1bar": 0.00024691690253097955,
    "trivial_baseline": {
      "overall_realized_metric": 0.00018140395651750538,
      "overall_realized_metric_1bar": -1.2224403662400105e-05
    }
  },
  "attach_audit": {
    "strategy_attach_status": {
      "exact": 120960,
      "missing": 1200
    },
    "oracle_attach_status": {
      "exact": 122160
    },
    "strategy_attach_delta_ms": {
      "min": 0.0,
      "max": 0.0
    },
    "oracle_attach_delta_ms": {
      "min": 0.0,
      "max": 0.0
    }
  },
  "by_month": [
    {
      "month": "2026-03",
      "realized_metric_state_routed": -7.315322503493877e-05,
      "oracle_metric": 0.0017722263817908277,
      "realized_metric_state_routed_1bar": -1.0356065785022592e-05,
      "oracle_metric_1bar": 0.0002382304150877085,
      "realized_metric_trivial_baseline": 0.00018564650950772825,
      "realized_metric_trivial_baseline_1bar": -1.2576420656506403e-05,
      "gap_abs_state_routed": 0.0018453796068257666,
      "gap_abs_state_routed_1bar": 0.0002485864808727311,
      "gap_abs_trivial_baseline": 0.0015865798722830993,
      "gap_abs_trivial_baseline_1bar": 0.0002508068357442149
    },
    {
      "month": "2026-04",
      "realized_metric_state_routed": -7.801833474928092e-05,
      "oracle_metric": 0.001818045184077448,
      "realized_metric_state_routed_1bar": -7.320351967933421e-06,
      "oracle_metric_1bar": 0.00015478179250535184,
      "realized_metric_trivial_baseline": -4.381242030390225e-05,
      "realized_metric_trivial_baseline_1bar": 5.3412443435041365e-06,
      "gap_abs_state_routed": 0.0018960635188267289,
      "gap_abs_state_routed_1bar": 0.00016210214447328526,
      "gap_abs_trivial_baseline": 0.0018618576043813503,
      "gap_abs_trivial_baseline_1bar": 0.0001494405481618477
    }
  ],
  "by_state": [
    {
      "state_id": 0,
      "state_support_n": 26460,
      "oracle_metric_mean": 0.0022368909912451906,
      "realized_metric_mean": -0.00013104417256632305,
      "trivial_baseline_metric_mean": -4.0106165348270415e-06,
      "oracle_metric_mean_1bar": 0.0001425336866280889,
      "realized_metric_mean_1bar": -9.338507449744659e-06,
      "trivial_baseline_metric_mean_1bar": -1.1190015901102683e-05,
      "gap_abs": 0.0023679351638115137,
      "gap_abs_1bar": 0.00015187219407783358,
      "gap_abs_trivial_baseline": 0.0022409016077800177,
      "gap_abs_trivial_baseline_1bar": 0.0001537237025291916,
      "preferred_target": "no_strong_preference"
    },
    {
      "state_id": 1,
      "state_support_n": 6708,
      "oracle_metric_mean": -0.004212192001889915,
      "realized_metric_mean": 0.00012870607320168017,
      "trivial_baseline_metric_mean": 0.0012902530634876026,
      "oracle_metric_mean_1bar": 0.0005211103963372988,
      "realized_metric_mean_1bar": -2.9171833597411454e-05,
      "trivial_baseline_metric_mean_1bar": -7.927513876389185e-05,
      "gap_abs": -0.004340898075091595,
      "gap_abs_1bar": 0.0005502822299347102,
      "gap_abs_trivial_baseline": -0.0055024450653775175,
      "gap_abs_trivial_baseline_1bar": 0.0006003855351011906,
      "preferred_target": "no_strong_preference"
    },
    {
      "state_id": 2,
      "state_support_n": 7824,
      "oracle_metric_mean": -0.0006463741180331907,
      "realized_metric_mean": 7.087266136931333e-05,
      "trivial_baseline_metric_mean": 0.00021300192430161904,
      "oracle_metric_mean_1bar": 0.00012206393815193289,
      "realized_metric_mean_1bar": -1.5038797171033177e-05,
      "trivial_baseline_metric_mean_1bar": -1.1760245548507626e-05,
      "gap_abs": -0.000717246779402504,
      "gap_abs_1bar": 0.00013710273532296607,
      "gap_abs_trivial_baseline": -0.0008593760423348097,
      "gap_abs_trivial_baseline_1bar": 0.00013382418370044052,
      "preferred_target": "no_strong_preference"
    },
    {
      "state_id": 3,
      "state_support_n": 7752,
      "oracle_metric_mean": 0.0028338570202627736,
      "realized_metric_mean": -0.00012840836094678529,
      "trivial_baseline_metric_mean": 1.9119245632144674e-05,
      "oracle_metric_mean_1bar": 0.00022324360468447424,
      "realized_metric_mean_1bar": -6.165351178421062e-05,
      "trivial_baseline_metric_mean_1bar": -5.792577573274665e-05,
      "gap_abs": 0.002962265381209559,
      "gap_abs_1bar": 0.00028489711646868484,
      "gap_abs_trivial_baseline": 0.002814737774630629,
      "gap_abs_trivial_baseline_1bar": 0.0002811693804172209,
      "preferred_target": "no_strong_preference"
    },
    {
      "state_id": 4,
      "state_support_n": 25800,
      "oracle_metric_mean": 0.0009834174404966698,
      "realized_metric_mean": -4.3746578204799616e-05,
      "trivial_baseline_metric_mean": 0.000348239081036314,
      "oracle_metric_mean_1bar": 0.00028984120430797114,
      "realized_metric_mean_1bar": 2.694790182295975e-05,
      "trivial_baseline_metric_mean_1bar": 3.353564066030707e-05,
      "gap_abs": 0.0010271640187014695,
      "gap_abs_1bar": 0.00026289330248501137,
      "gap_abs_trivial_baseline": 0.0006351783594603558,
      "gap_abs_trivial_baseline_1bar": 0.0002563055636476641,
      "preferred_target": "no_strong_preference"
    },
    {
      "state_id": 5,
      "state_support_n": 20856,
      "oracle_metric_mean": 0.0035351298554470224,
      "realized_metric_mean": -0.00016753842079214194,
      "trivial_baseline_metric_mean": 3.7648888867176155e-05,
      "oracle_metric_mean_1bar": 0.0003231657200296893,
      "realized_metric_mean_1bar": -2.6751686096139776e-05,
      "trivial_baseline_metric_mean_1bar": -3.067456376521882e-05,
      "gap_abs": 0.0037026682762391645,
      "gap_abs_1bar": 0.0003499174061258291,
      "gap_abs_trivial_baseline": 0.0034974809665798464,
      "gap_abs_trivial_baseline_1bar": 0.0003538402837949081,
      "preferred_target": "no_strong_preference"
    },
    {
      "state_id": 6,
      "state_support_n": 25536,
      "oracle_metric_mean": 0.0025228647730136124,
      "realized_metric_mean": -3.4416244067871745e-05,
      "trivial_baseline_metric_mean": 7.029580576940093e-05,
      "oracle_metric_mean_1bar": 0.00014956006685541126,
      "realized_metric_mean_1bar": -1.4668214589046083e-05,
      "trivial_baseline_metric_mean_1bar": -1.2836181374726472e-05,
      "gap_abs": 0.002557281017081484,
      "gap_abs_1bar": 0.00016422828144445735,
      "gap_abs_trivial_baseline": 0.0024525689672442114,
      "gap_abs_trivial_baseline_1bar": 0.00016239624823013773,
      "preferred_target": "no_strong_preference"
    },
    {
      "state_id": 7,
      "state_support_n": 1224,
      "oracle_metric_mean": 0.004377605840550004,
      "realized_metric_mean": -0.0002914891216158328,
      "trivial_baseline_metric_mean": 0.00019744330966309004,
      "oracle_metric_mean_1bar": 0.000745322757506191,
      "realized_metric_mean_1bar": 3.762998335060941e-06,
      "trivial_baseline_metric_mean_1bar": -1.8056392760752525e-05,
      "gap_abs": 0.004669094962165837,
      "gap_abs_1bar": 0.0007415597591711301,
      "gap_abs_trivial_baseline": 0.004180162530886915,
      "gap_abs_trivial_baseline_1bar": 0.0007633791502669435,
      "preferred_target": "no_strong_preference"
    }
  ]
}